beta,CL,CL_stall,CD,CD_stall,CL/CD,CL/CD_stall,CS,CS_stall
0,1.0568258931236716,1.0568258931236794,0.10886045925861701,0.10886045925861698,9.70807858354701,9.708078583547083,5.367410712343765e-17,-3.050052436538203e-16
2,1.0545259119637485,1.0545259119637485,0.10937250145734907,0.10937250145734907,9.641600017486768,9.641600017486768,0.05729372607401088,0.05729372607401088
4,1.0476028522621077,1.0476028522621077,0.11086168707704808,0.11086168707704808,9.449638372669101,9.449638372669101,0.11417546569155747,0.11417546569155747
6,1.0360242227920315,1.0367377646877922,0.11317031910438691,0.11209592506608151,9.154557758526911,9.248665944606161,0.17021919091382012,0.18869319105978913
8,1.0198719905470537,1.020874323690235,0.11604984262647965,0.11545187091118161,8.788223813707651,8.842423389358538,0.22495948690058926,0.2479882498317022
12,0.974184380028338,0.9772088648979704,0.12319921411532092,0.12777774300331018,7.907391187710421,7.647723632688168,0.3275914507687619,0.34196767839511294
14,0.9436008963512561,0.9464046706035577,0.12799408300241893,0.1371402787012475,7.3722227951226715,6.900997136408391,0.3532401177251514,0.36737265474421027
20,0.8069508851924161,0.6886752037165698,0.15020323616931483,0.1398715922560047,5.372393470156596,4.923624537397835,0.40264061693842645,0.2992167720253312
