beta,CL,CL_stall,CD,CD_stall,CL/CD,CL/CD_stall,CS,CS_stall
0,0.7152810976398316,0.7152811096112052,0.0732187800707173,0.0732187801436605,9.76909335212889,9.769093505897972,4.685834748871541e-17,1.921192247037332e-16
2,0.7130675083233349,0.713067508461491,0.07372758763145927,0.07372758763220147,9.671651158420268,9.67165116019678,0.06353368607540277,0.06353368607737735
4,0.7067625674749434,0.7053085890368646,0.07518757267328269,0.07409758744862277,9.399991811759683,9.51864444339576,0.12652723318575734,0.1403917138531652
6,0.696537132273253,0.6951215934896631,0.07749593287933494,0.07643261584039435,8.988047583836384,9.09456762465395,0.1886178136617206,0.20890040092700984
8,0.6826027354226999,0.6812832753569585,0.08069981223180402,0.07969508869178081,8.458541805053722,8.548623090085366,0.24932718761184008,0.27531263738083145
12,0.6436587182654546,0.6432425328783311,0.08974086072277007,0.08925036198428762,7.172415253001225,7.2071700167622055,0.3643698734515688,0.39792069814152714
14,0.6184873471892787,0.6196785007503415,0.09530353019521019,0.09591685993091026,6.489658315095267,6.460579518519489,0.41712486472374233,0.44937397560447095
20,0.5153875226397857,0.5256386363896692,0.11225291967801848,0.1211866383359297,4.591306169301444,4.337430624427402,0.5003338824918973,0.5516618114513949
