beta,CL,CL_stall,CD,CD_stall,CL/CD,CL/CD_stall,CS,CS_stall
0,1.045086004264997,1.0450860812640015,0.10727309933080285,0.10727309953148026,9.742293368836288,9.74229406839607,-1.6443020118767408e-16,-2.717784154345494e-16
2,1.0426814165820197,1.0426814176546382,0.1077876245434811,0.1077876245458563,9.673479873020174,9.67347988275823,0.06134909009103298,0.06134909011430798
4,1.0357842477810633,1.0357842477954184,0.1092840182970831,0.10928401829709936,9.477911445069084,9.477911445199032,0.12203393771164422,0.12203393771233591
6,1.024264343398925,1.0246935645971988,0.11160047511624561,0.11051933248490875,9.177956835148127,9.271622815285454,0.18166167626624183,0.20000169686655286
8,1.0082233719132092,1.0090569674818264,0.11449222950265049,0.11386774752799247,8.806041914747313,8.861657399816105,0.2396164542874383,0.26264895390277226
12,0.9629356876213123,0.965629397093165,0.1217250902353601,0.12615269124694597,7.910741210045024,7.654449441771555,0.3471266550867997,0.3627620701537096
14,0.9322974950513033,0.9351758529219221,0.12654280730765854,0.135599480658359,7.367447545119219,6.89660350011284,0.374815471105764,0.39120903880921243
20,0.7953357501147832,0.6782497455534007,0.14865115406509277,0.1383256264040718,5.350350322652147,4.903283384180181,0.43101745081378956,0.3312463786018576
