beta,CL,CL_stall,CD,CD_stall,CL/CD,CL/CD_stall,CS,CS_stall
0,496.58736547837,1.0450860812640015,-523.3544647868257,0.10727309953148026,-0.9488547416532338,9.74229406839607,-4.37912556530904e-15,-2.717784154345494e-16
2,495.643770101552,1.0426814176546382,-522.3761503201288,0.1077876245458563,-0.9488254197627622,9.67347988275823,-0.007201624777249874,0.06134909011430798
4,492.4856988853185,1.0357842477954184,-519.0866274942657,0.10928401829709936,-0.948754355824277,9.477911445199032,-0.014329190272795079,0.12203393771233591
6,487.3218441798604,1.0246935645971988,-513.716377897976,0.11051933248490875,-0.9486204161406792,9.271622815285454,-0.020946233691001365,0.20000169686655286
8,480.2199243398302,1.0090569674818264,-506.3474955255063,0.11386774752799247,-0.9483999201801918,8.861657399816105,-0.026864164348360524,0.26264895390277226
12,460.68407620559236,0.965629397093165,-486.17893982145534,0.12615269124694597,-0.9475607404441958,7.654449441771555,-0.036322933064870375,0.3627620701537096
14,448.43859879643855,0.9351758529219221,-473.61084771900585,0.135599480658359,-0.9468503539481806,6.89660350011284,-0.039970930572989026,0.39120903880921243
20,404.2736305638569,0.6782497455534007,-428.7799070637188,0.1383256264040718,-0.9428464904811407,4.903283384180181,-0.05173876147774469,0.3312463786018576
