CMx,CMx_ci,CMy,CMy_ci,CMz,CMz_ci,beta
-0.023315749713408804,0.030224035077201047,0.03735569955813258,0.0338451478858252,0.02527884415435029,0.02435512183713448,-0.0
