CL,CL_ci,CD,CD_ci,CS,CS_ci,beta
0.8874006258634807,0.010638047578235596,0.10873723447132017,0.008967410020398657,-0.012736355320723666,0.009232112586904652,-0.0
