CL,CD,aoa
-0.133333333,0.0728,-5
-0.066666667,0.0672,-4
0.073015873,0.0552,-2
0.225396825,0.051,0
0.384126984,0.052,2
0.46031746,0.0536,3
0.536507937,0.06,4
0.673015873,0.07,6
0.803174603,0.075,8
0.873015873,0.085,9
0.93015873,0.09,10
1.041269841,0.115,12
1.146031746,0.135,14
1.24,0.151,16
1.342857143,0.171,18
0.88,0.31,20
0.91,0.34,22
0.93,0.38,24
