beta,CL,CL_stall,CD,CD_stall,CL/CD,CL/CD_stall,CS,CS_stall,CMx,CMx_stall,CMy,CMy_stall,CMz,CMz_stall
0,0.712549624287717,0.712549624287718,0.0735448374325516,0.0735448374325516,9.688642318928238,9.688642318928252,4.772652543927533e-16,3.5270304113215635e-16,3.894836780967936e-16,1.7126232653901563e-16,0.27416301316648506,0.27416301316648517,-1.2789428578639393e-16,-6.629509414413508e-17
2,0.7104452633624184,0.7104452633624184,0.07404899315882643,0.07404899315882643,9.594259598352625,9.594259598352625,-0.06072282031597713,-0.06072282031597713,-0.056318529811389885,-0.056318529811389885,0.27381292886180775,0.27381292886180775,-0.0016676548426753763,-0.0016676548426753763
4,0.7041520593433818,0.7027734207201114,0.0754961977059546,0.07443699821572283,9.326987063453704,9.44118432454023,-0.121288224672952,-0.1353358493506459,-0.11257651424060718,-0.11903400282748008,0.2727725363295412,0.27324261240411674,-0.00294477452030132,-0.0026114705844908727
6,0.6933657991586573,0.691923214337011,0.07781929415435833,0.07681998772153394,8.909947162760597,9.007072701510642,-0.18145173918622967,-0.2023773566548345,-0.1683968378276823,-0.1782521984636467,0.27102642949756534,0.27183671518089203,-0.0034230652783446345,-0.0026486619847955633
8,0.6784518699787665,0.6770062590068325,0.08105224206349257,0.08011327731163768,8.370550310592257,8.450612454328928,-0.24125930349085564,-0.2681507939682319,-0.22367150058784074,-0.23677431043688352,0.2684937249600761,0.2696773477896938,-0.0030922249089252295,-0.0015049558356589345
12,0.6393402840524862,0.6417736605980315,0.08987355900982726,0.08883657154778771,7.113775075743661,7.224205633068621,-0.3526377620082397,-0.3764637197115138,-0.3269702922831477,-0.33740135313972075,0.26132015066094727,0.26281412681072447,-0.0016160705468084302,0.0001288875827351088
14,0.6210474585774642,0.6253408252685696,0.09464399275442531,0.09470931236969506,6.5619321470186565,6.602738522982511,-0.3952630568208922,-0.4134005707694757,-0.3675728596746945,-0.3760788805598188,0.25753745383647114,0.2575594506156453,-0.003907735100201758,0.00017531344858918361
20,0.5626921146316709,0.5813094117076603,0.10834510996695208,0.11172400333392331,5.193516484530828,5.203084336051127,-0.4491271878899397,-0.4731850905902136,-0.44123186559857885,-0.45545773840044984,0.2366332908620528,0.23820861521468642,-0.016559404054632153,-0.01407869177183133
