beta,CL,CD,CL/CD,CS,CMx,CMy,CMz
0,1.0019968990952703,0.10387873554288242,9.645832651492313,3.645746388010759e-16,-9.21058488192402e-17,0.24598301806879833,-5.2660811074543626e-17
2,1.0003801476979792,0.10418211861971528,9.602225035848605,-0.03471164609876989,-0.03142506738334505,0.24549829344181356,-0.011716366244970675
4,0.9952936710059798,0.10507887945437122,9.47187176123409,-0.06927759336082373,-0.06284702680705724,0.24401314030861335,-0.023298376042165534
6,0.9866379656465096,0.10650809291348255,9.263502318532398,-0.10346330634679361,-0.0942804218077481,0.24151311695034586,-0.03466852810076269
8,0.9755194093083558,0.10822155176100685,9.014095560768366,-0.13551764087366758,-0.12513162092659708,0.23828218164819856,-0.045995178467174956
12,0.9440922377759501,0.1118505310963805,8.44065940967625,-0.19467801472212246,-0.1856307234140888,0.22946408845273666,-0.06716840205246954
14,0.9251448849196146,0.11349601199518145,8.151342665316665,-0.22065653874829844,-0.21336369220760307,0.22420293137132438,-0.07701141914011492
20,0.8345709979704977,0.11709134281140307,7.127520941618427,-0.25886618143125617,-0.2712961915833047,0.19716506459587546,-0.10119394015224774
