beta,CL,CD,CL/CD,CS,CMx,CMy,CMz
0,1.0025697150878206,0.10386002856836825,9.653085300548094,7.154732972476945e-16,7.100781068194864e-16,0.2023348947671667,3.247810009517388e-16
2,1.0008810415488647,0.10416368992976813,9.608732584489893,-0.03473736505609164,-0.029777029199108927,0.2012637157629329,-0.0208414649984972
4,0.9957992270406457,0.10506026309785092,9.478362205443739,-0.06934014196535059,-0.059520724688479035,0.1980479024490741,-0.04160090119213352
6,0.9873437318148122,0.10635849123112291,9.283167901181104,-0.10332203497546465,-0.08748310655710824,0.1926648458083654,-0.06294816986907201
8,0.9753150845286407,0.10818496780953131,9.015255116087518,-0.13703346765003335,-0.11579254514708087,0.18508061871196685,-0.08397978464639116
12,0.9399857463448184,0.11157444542055991,8.424740475309648,-0.20089854410855562,-0.17013036289245984,0.1636164829356293,-0.12644984493421768
14,0.9173377461553304,0.11298245869455131,8.119293532417789,-0.2311357840083497,-0.19631823680701824,0.14971522774049462,-0.1463942004050964
20,0.807922147785448,0.12364868181598115,6.534013431601557,-0.2798089120649898,-0.22963152958776537,-0.06615873413851872,-0.360310838806968
