beta,CL,CL_stall,CD,CD_stall,CL/CD,CL/CD_stall,CS,CS_stall,CMx,CMx_stall,CMy,CMy_stall,CMz,CMz_stall
0,1.0568258931235985,1.0568258931236072,0.1088604592586168,0.10886045925861682,9.708078583546357,9.708078583546436,8.036271823264322e-17,3.3305882111973244e-16,3.215312065990551e-16,6.646083187949542e-16,0.16292661201579078,0.1629266120157884,3.811967913287767e-17,1.3562871343654302e-16
2,1.0545259119637507,1.0545259119637507,0.10937250145734907,0.10937250145734907,9.64160001748679,9.64160001748679,-0.05729372607401045,-0.05729372607401045,-0.04847811770195839,-0.04847811770195839,0.1617353786100192,0.1617353786100192,-0.03223073338106002,-0.03223073338106002
4,1.0476028522621097,1.0476028522621097,0.110861687077048,0.110861687077048,9.449638372669126,9.449638372669126,-0.11417546569155715,-0.11417546569155715,-0.09681424338291815,-0.09681424338291815,0.15815979856679593,0.15815979856679593,-0.0643279176292399,-0.0643279176292399
6,1.0360242227920329,1.0367377646877924,0.11317031910438688,0.11209592506608165,9.154557758526925,9.248665944606152,-0.17021919091381996,-0.1886931910597888,-0.14480544999353506,-0.15129953407532395,0.1522155664650199,0.15197424940395432,-0.0960643564731865,-0.10107294454090576
8,1.0198719906178582,1.020874323765051,0.11604984262364906,0.11545187090960798,8.788223814532127,8.84242339012709,-0.22495948682648678,-0.24798824974712655,-0.1919716789585962,-0.20028916376278988,0.14396358469987494,0.14245429660689465,-0.12710156216676777,-0.13314044526410979
12,0.9741843800283387,0.9772088648979709,0.12319921411532098,0.12777774300331027,7.907391187710424,7.647723632688166,-0.3275914507687617,-0.34196767839511516,-0.28026694302780636,-0.2847474351321476,0.12021540864401005,0.10935793557394745,-0.18724853603674294,-0.18830246396662106
14,0.9436008963512564,0.9464046706035585,0.12799408300241913,0.13714027870124776,7.372222795122663,6.900997136408384,-0.353240117725152,-0.36737265474421016,-0.2985653448418707,-0.31377448392371243,0.10334371789636976,0.08426017529720435,-0.24383556408979737,-0.2151330898112332
20,0.806950885192416,0.688675203716569,0.1502032361693145,0.13987159225600443,5.372393470156608,4.923624537397839,-0.4026406169384266,-0.2992167720253312,-0.3493829743174155,-0.28172967267518095,-0.11095992186002013,-0.1637107109680304,-0.6019002515698485,-0.4676896181084142
