beta,CL,CL_stall,CD,CD_stall,CL/CD,CL/CD_stall,CS,CS_stall,CMx,CMx_stall,CMy,CMy_stall,CMz,CMz_stall
0,1.0526927669905155,1.0526927669905237,0.10899511333139819,0.10899511333139826,9.65816480037795,9.65816480037802,2.455527501552987e-16,-1.1340072461717433e-16,-8.839345885884678e-18,2.690475904016149e-16,0.3773659031502392,0.3773659031502416,-4.999755016703521e-17,-9.032706577138405e-17
2,1.0503842682605464,1.0503842682605464,0.10950457356105188,0.10950457356105188,9.59214975322403,9.59214975322403,-0.057051506895509,-0.057051506895509,-0.051395702577501215,-0.051395702577501215,0.3766695709094979,0.3766695709094979,-0.011625878351805383,-0.011625878351805383
4,1.0436058395568686,1.0436058395568686,0.11098604990445474,0.11098604990445474,9.403036151437808,9.403036151437808,-0.11375171466217567,-0.11375171466217567,-0.10270668365522434,-0.10270668365522434,0.3746399295375136,0.3746399295375136,-0.023143266424106836,-0.023143266424106836
6,1.031824732064925,1.0325012845805028,0.11327630816781628,0.11226485474628056,9.108919144295381,9.197012608389008,-0.16957361589100833,-0.18819937238520595,-0.15363661974980825,-0.1613584723668901,0.371015530257351,0.3724551023011923,-0.03438236499382188,-0.0350104424360355
8,1.015553650066468,1.016370687861771,0.11614718165440752,0.11565726788871995,8.743678801335168,8.787780538268255,-0.22424369939715072,-0.247661929053574,-0.20391605566450807,-0.21408767207700619,0.36612019673638385,0.3674063341286904,-0.04494341186962781,-0.04485506592585037
12,0.9686006526773097,0.9722737502803052,0.12332084128287142,0.12505102471609933,7.854314344609024,7.775016258264476,-0.32737970485773965,-0.3484031952570818,-0.29954629178582654,-0.31150441282890057,0.35167041145175054,0.3513947474509799,-0.06322378266554829,-0.05699222217924781
14,0.9364200787112559,0.9447441033430013,0.1274100264581633,0.12974132884138628,7.349657674066502,7.281751403193866,-0.3639538576763869,-0.3827930392328507,-0.33947969652856275,-0.35072475773255984,0.3408134458430293,0.34039066219373043,-0.06894101857961409,-0.0613985033159647
20,0.8080731429365096,0.792959668585215,0.1350654934764243,0.13632473010569363,5.982824496010588,5.816697146368287,-0.398103203406155,-0.3722271866310929,-0.4075246018593464,-0.38541628838317166,0.2934530388367725,0.27961326701463063,-0.08075613202425537,-0.06363633790218359
