beta,CL,CL_stall,CD,CD_stall,CL/CD,CL/CD_stall,CS,CS_stall
0,0.7146508934182629,0.7146508934182639,0.07324418633601325,0.07324418633601328,9.757100585973443,9.757100585973454,0.0004607044336525894,0.0004607044336528467
2,0.7125676958406888,0.7125676958406887,0.07372540029176702,0.07372540029176704,9.665158724411318,9.665158724411315,0.06134156245232444,0.061341562452324465
4,0.70613370151418,0.7047146708565897,0.07517357951615189,0.07409353810443924,9.393376051255604,9.511148865144657,0.12188204067197791,0.1359023690765494
6,0.6958336416534531,0.6947720965395799,0.07747511743115774,0.07634809094862793,8.981382213092502,9.100058533317732,0.18177293821061027,0.20166862112673145
8,0.6823251224053865,0.6826773312237755,0.0806236571390461,0.07921499143481997,8.463088212788799,8.618032002004306,0.24019785485411102,0.261542144190122
12,0.6619701744414381,0.6652207211845563,0.0882604707969616,0.08702590637140843,7.500188572121538,7.643939016797285,0.33005582152794505,0.3479631295175318
14,0.6539084409185064,0.6596820254073629,0.0928463114183346,0.09257075200999403,7.042912431622754,7.126246801323846,0.36326793399956936,0.3734397853049439
20,0.6256647898146419,0.6358130217142727,0.10652193543209725,0.1109750055226058,5.8735769987344435,5.729335346460123,0.3921041817613737,0.407093914012925
