beta,CL,CD,CL/CD,CS,CMx,CMy,CMz
0,1.0025697150878206,0.10386002856836825,9.653085300548094,7.154732972476945e-16,7.100781068194864e-16,0.2023348947671667,3.247810009517388e-16
2,1.0008810415489173,0.10416368992976878,9.608732584490337,-0.03473736505591053,-0.02977702919894419,0.20126371576292967,-0.02084146499844317
4,0.9958324889261815,0.10495462567163397,9.488219147594222,-0.06894412614982304,-0.05797765668275044,0.198036938775861,-0.04222910990193691
6,0.9873826096522683,0.10630827579886645,9.287918576728497,-0.10302300922119323,-0.08634173013672519,0.1926501062186146,-0.06336053540397125
8,0.9753763848468078,0.10801622043643157,9.029906627966351,-0.13577318873890568,-0.11247639869499666,0.1850787015181481,-0.085889610749985
12,0.8673831123817433,0.12497115058106684,6.94066677268115,-0.12880189342841666,-0.11569888779333588,-0.046576125046405306,-0.33909488770790336
14,,,,,,,
20,-3121.909918591765,6236.502993728894,-0.5005866142822343,2263.8360936656463,-123784.63963570051,-17666.472661451066,63331.19656666255
