beta,CL,CL_stall,CD,CD_stall,CL/CD,CL/CD_stall,CS,CS_stall,CMx,CMx_stall,CMy,CMy_stall,CMz,CMz_stall
0,1.055987227659637,1.0559872276596465,0.10885917479188316,0.1088591747918833,9.700489000384874,9.70048900038495,6.098637394766147e-16,3.375234165771015e-16,6.728952055629711e-16,1.657377353603377e-17,0.16805579342851928,0.16805579342851723,-2.15459055968439e-17,5.8008207376118195e-18
2,1.053696637776108,1.053696637776108,0.10937737648559376,0.10937737648559376,9.633588513753498,9.633588513753498,0.057289462037468944,0.057289462037468944,0.05196825761042338,0.05196825761042338,0.16699456112474295,0.16699456112474295,0.03216784274336741,0.03216784274336741
4,1.0469023129611115,1.0469023129611115,0.11086835215729678,0.11086835215729678,9.442751629209724,9.442751629209724,0.11414412513203338,0.11414412513203338,0.10374238992663583,0.10374238992663583,0.16386370314634205,0.16386370314634205,0.06422634810836739,0.06422634810836739
6,1.0351635599170828,1.0358442108266603,0.11317025342133841,0.11210698774988793,9.146958044382194,9.23978274340616,0.17009916991792154,0.1886358632713612,0.15501503319436924,0.16259869018163195,0.15795728536407705,0.15775959744344106,0.09607106098891274,0.10095510548307199
8,1.0190638980634477,1.0200073222128,0.11605145534766963,0.11543342035995074,8.781138461473944,8.836325901391104,0.224828457971513,0.2478350431452765,0.20549743442721619,0.2150890058946308,0.15030775640110525,0.1488527570169835,0.127014490214529,0.1331149834467448
12,0.9734591192193425,0.9805947061457317,0.12316923698772211,0.12914578224978496,7.903427373804222,7.592928619605496,0.32702551323724394,0.3265219374302488,0.29959647639616016,0.29976443815689047,0.12785998375828905,0.11491199668091556,0.18714063483658747,0.18813438637066324
14,0.9467899170313487,0.9567723611080118,0.12744107883967554,0.13510286214808243,7.429236519744447,7.081806750025182,0.34986784706717206,0.3495601264831149,0.3251060219748079,0.33219064619287586,0.11299496507224899,0.09213941198701517,0.2396496505543808,0.22132251073826356
20,0.8452456176104342,0.7560719513741484,0.1484844622952915,0.16233600636389683,5.69248529135319,4.65745073018069,0.36020269347979716,0.20386474480311784,0.37250329684370076,0.2793406885844583,-0.06659677882479671,-0.1622303599244285,0.5401783142614307,0.46959772986314535
