beta,CL,CL_stall,CD,CD_stall,CL/CD,CL/CD_stall,CS,CS_stall
0,0.9989858127434375,0.9989858127435338,0.10399641902162744,0.10399641902162751,9.60596357203112,9.60596357203204,8.573440146992144e-16,2.425672102286321e-16
2,0.9971904510302678,0.9971904510302678,0.104297516878584,0.104297516878584,9.561018141890457,9.561018141890457,-0.03458696527978873,-0.03458696527978873
4,0.9920848770463118,0.9920848770463118,0.10518944141886774,0.10518944141886774,9.431411210710758,9.431411210710758,-0.0690413297384747,-0.0690413297384747
6,0.9836822862555282,0.9836822862555282,0.10659372074470311,0.10659372074470311,9.228332395033783,9.228332395033783,-0.10312063036521417,-0.10312063036521417
8,0.9713752008248819,0.9713752008248819,0.10854156870639778,0.10854156870639778,8.949338142075572,8.949338142075572,-0.1369453851462251,-0.1369453851462251
12,0.935015639443351,0.935015639443351,0.11233263253910232,0.11233263253910232,8.323633287218454,8.323633287218454,-0.20175031097542134,-0.20175031097542134
14,0.9119834815677433,0.9137022475748138,0.11392214356144553,0.11448466830660649,8.005322346097289,7.981000959253226,-0.2311719278082553,-0.23657529172431324
20,0.8159041776708401,0.835372099598481,0.11811932057302328,0.12034440656068142,6.907457422822161,6.941511645389686,-0.28325171550408074,-0.29973858517583685
