beta,CL,CL_stall,CD,CD_stall,CL/CD,CL/CD_stall,CS,CS_stall
0,0.71518751986026,0.71518751986026,0.07321822469324575,0.07321822469324567,9.767889386236849,9.76788938623686,-6.309961579748283e-17,5.4368851347516655e-17
2,0.7130642468899508,0.7130642468899508,0.07372747714707442,0.07372747714707442,9.67162141554773,9.67162141554773,0.06088859763423182,0.06088859763423182
4,0.7067723481942129,0.7053701186047715,0.07518737880900446,0.07409548007109068,9.400146133430171,9.519745575951546,0.12145747595360963,0.1353837100345343
6,0.6965590658103962,0.6951883689747834,0.07749569551792036,0.07643088263493829,8.988358142412201,9.095647531577727,0.1813853375645643,0.20181699316434465
8,0.682634648239061,0.6813779160391208,0.08069982459126608,0.07969305364166497,8.458935960474697,8.550028953626192,0.24031124217899918,0.2666263029659195
12,0.6436699787770522,0.6433613527458274,0.08974320595712325,0.08924808133142707,7.172353293067995,7.208685533044389,0.35335035981094287,0.38764877564094136
14,0.6185101649304081,0.6198682184228879,0.09530865276527542,0.09591332399385379,6.489548923261614,6.462795705658262,0.4060738911311057,0.43911865814479634
20,0.5154648205745102,0.5257951345339894,0.11224619542081259,0.12118098420332823,4.592269863954187,4.338924444216128,0.49159235169724336,0.5429698069912077
