beta,CL,CD,CL/CD,CS
0,0.9989858127439661,0.10399641902162743,9.605963572036204,2.870592366923125e-16
2,0.9971904510317191,0.10429751687867331,9.561018141896186,-0.034586965278542055
4,0.992084877046314,0.10518944141886787,9.431411210710769,-0.06904132973847539
6,0.9836822862555331,0.1065937207447035,9.228332395033794,-0.10312063036521431
8,0.9713752008248823,0.10854156870639783,8.94933814207557,-0.1369453851462248
12,0.935015639443352,0.11233263253910236,8.32363328721846,-0.20175031097542034
14,0.9137022475748154,0.11448466830660667,7.981000959253228,-0.2365752917243127
20,0.8353720995984785,0.12034440656068125,6.941511645389674,-0.2997385851758367
