beta,CL,CL_stall,CD,CD_stall,CL/CD,CL/CD_stall,CS,CS_stall
0,0.9981160935175277,0.998116093531069,0.10600364090992988,0.10600364090990663,9.415866143367811,9.415866143497619,1.5289882710403227e-16,-4.235487387820624e-16
2,0.9963885607349141,0.9963885607349141,0.10629143914615487,0.10629143914615487,9.374118637765747,9.374118637765747,-0.035734359396476366,-0.035734359396476366
4,0.9911895598574983,0.9911895598574983,0.10714000336246488,0.10714000336246488,9.251348970974075,9.251348970974075,-0.0713612056863924,-0.0713612056863924
6,0.9824353865451818,0.9824353865451818,0.10849568069329875,0.10849568069329875,9.05506449904104,9.05506449904104,-0.10679866707723262,-0.10679866707723262
8,0.9699235839810477,0.9729895609078554,0.1102408929138951,0.1109006733109383,8.79821959296554,8.773522575285284,-0.14190291372187186,-0.16223547859843196
12,0.9334953722862973,0.9365191785789829,0.11400366576693749,0.11513552681568436,8.188292595737064,8.134059090885277,-0.20963861904092004,-0.23833127027553072
14,0.9113790803594689,0.9166503188327008,0.115325862965048,0.11930973894527379,7.902642624366766,7.682946312146063,-0.23811768339775985,-0.27145183509220683
20,,,,,,,,
