beta,CL,CD,CL/CD,CS
0,1.0025697150879116,0.10386002856836829,9.653085300548966,-3.399224229677172e-17
2,1.0008810415488647,0.10416368992976813,9.608732584489893,-0.03473736505609164
4,0.9957992270406457,0.10506026309785092,9.478362205443739,-0.06934014196535059
6,0.9873437318148122,0.10635849123112291,9.283167901181104,-0.10332203497546465
8,0.9753150845286407,0.10818496780953131,9.015255116087518,-0.13703346765003335
12,0.9399857463448184,0.11157444542055991,8.424740475309648,-0.20089854410855562
14,0.9209641664670054,0.11469081082144321,8.029973455334723,-0.23090438908973057
20,0.8376463283693637,0.12545331944566335,6.6769562740200525,-0.32418331038602793
