beta,CL,CL_stall,CD,CD_stall,CL/CD,CL/CD_stall,CS,CS_stall,CMx,CMx_stall,CMy,CMy_stall,CMz,CMz_stall
0,0.6892442569155462,0.689244256915549,0.06834114986119215,0.06834114986119222,10.085347675821547,10.085347675821577,-1.1027550779701598e-16,-1.919776046668699e-16,-1.2983867353922886e-16,-3.972510905306619e-16,0.2463908173451024,0.2463908173451025,1.5193887329058696e-18,1.339824609926085e-17
2,0.6874707561789609,0.6874707561789609,0.06868648879256097,0.06868648879256097,10.008820777768697,10.008820777768697,-0.04264418976321259,-0.04264418976321259,-0.03979503120453418,-0.03979503120453418,0.24538348232741372,0.24538348232741372,-0.010987646765868733,-0.010987646765868733
4,0.6821885309187953,0.6791988000500564,0.06967416183851759,0.0683918117973293,9.791126479567705,9.930995863405085,-0.08507670472779424,-0.0957091283419807,-0.07950854903696458,-0.08219454288425705,0.24238534803553277,0.24241902090347106,-0.02168402913708005,-0.023263054970826223
6,0.6735366058450311,0.6705375762400659,0.07119833674744672,0.06997461994672284,9.46000477840074,9.582582609960564,-0.12708853471099016,-0.14270391020437526,-0.11890761529148644,-0.12303606788549182,0.23745783091609718,0.23715834935259134,-0.031811070708166196,-0.03399702117751955
8,0.6617052468639234,0.6587651547320192,0.07323719206425731,0.072118014351641,9.035098536865698,9.134543714971674,-0.1684517030862443,-0.18858323928820553,-0.15761942443684487,-0.16329716408387404,0.23062902210497613,0.22980400569345893,-0.041287737633722926,-0.04384428977454164
12,0.6286731282152943,0.626650419040377,0.07889736639489638,0.07845408769042965,7.968239713714464,7.98747952449672,-0.24806717124826821,-0.2740313419850968,-0.2320527624397806,-0.24124722688763703,0.21117552936043843,0.20821537115359057,-0.05857544917035315,-0.06055136185056562
14,0.6073989192630308,0.6078737535767107,0.08236413585560344,0.08477260874511078,7.37455584221622,7.170638754369695,-0.2854397446972933,-0.3032400481976134,-0.26717913781669417,-0.27616952882541307,0.19851460373378146,0.1915282812814589,-0.06648922311611502,-0.06429930518785386
20,0.5181600779149609,0.5308760982382242,0.09152078688838826,0.10109896664485252,5.66166545909258,5.251053654219065,-0.34424248249385075,-0.3865170719816223,-0.30957634808636736,-0.3737224815478488,0.13923062341729683,0.12598380050562563,-0.15058233177488584,-0.08764300005062889
