beta,CL,CD,CL/CD,CS,CMx,CMy,CMz
0,0.9989858127438732,0.10399641902162733,9.60596357203532,-4.88531106799452e-16,-1.107866141306388e-15,0.39182046802880943,1.7087792633247398e-16
2,0.9971904510317191,0.10429751687867331,9.561018141896186,-0.034586965278542055,-0.03185046137360111,0.3910244354071054,-0.008960004083161608
4,0.992084877046314,0.10518944141886787,9.431411210710769,-0.06904132973847539,-0.06367197934871117,0.3887656759830892,-0.01785424549130186
6,0.9836822862555331,0.1065937207447035,9.228332395033794,-0.10312063036521431,-0.0956218288937983,0.3850789517428819,-0.02670390183347079
8,0.9713752008248823,0.10854156870639783,8.94933814207557,-0.1369453851462248,-0.12771003521267324,0.37966661771525034,-0.035290295319554535
12,0.935015639443352,0.11233263253910236,8.32363328721846,-0.20175031097542034,-0.19420272726199597,0.36441211555145026,-0.050081634990399714
14,0.9119834815677432,0.11392214356144549,8.00532234609729,-0.23117192780825446,-0.22609859768605883,0.35466465361347965,-0.056105559067177284
20,0.8159041776708377,0.11811932057302273,6.907457422822174,-0.283251715504081,-0.2984662584438557,0.31270876281065346,-0.0718332527658097
