beta,CL,CL_stall,CD,CD_stall,CL/CD,CL/CD_stall,CS,CS_stall,CMx,CMx_stall,CMy,CMy_stall,CMz,CMz_stall
0,1.0358976101174102,1.0358976101174227,0.10266596953918929,0.10266596953918947,10.089980299869385,10.089980299869488,1.0268569551948855e-17,3.035924911010966e-17,-3.7929467823268345e-16,1.1492103870706214e-16,0.2034402659815299,0.20344026598152737,-9.66883739121917e-17,-2.5691482210953795e-17
2,1.033953545844766,1.033953545844766,0.10301957784401736,0.10301957784401736,10.036476245420866,10.036476245420866,-0.03995575799279045,-0.03995575799279045,-0.03460235873650439,-0.03460235873650439,0.20225267111596615,0.20225267111596615,-0.0252458608838454,-0.0252458608838454
4,1.0281045913885112,1.0281045913885112,0.10405768461919651,0.10405768461919651,9.88014095403817,9.88014095403817,-0.07964974042078382,-0.07964974042078382,-0.0691107801590755,-0.0691107801590755,0.19868526297790146,0.19868526297790146,-0.050410445711672684,-0.050410445711672684
6,1.0183091812051819,1.0167705154986078,0.10569933326255078,0.1042880342118565,9.634017072517981,9.749637369068475,-0.11880694095177839,-0.13247747806749954,-0.10342384313240505,-0.10562865846940292,0.19273086069606948,0.19311463427963604,-0.07537502940175002,-0.07997919821440097
8,1.0045443423879508,1.0034583836346156,0.10777981551053091,0.10704568694547864,9.32033829924119,9.374113168573574,-0.15712155733311267,-0.17382382459973442,-0.13735822707631504,-0.14036280644233265,0.18440291323785027,0.18365534051032756,-0.09993490772123928,-0.10543167491802694
12,0.9621026393746819,0.9671475409990952,0.11289141387363696,0.11925736923990546,8.522372130546568,8.109750761426925,-0.2116786487792673,-0.2310492151269882,-0.182444581264002,-0.20072429077006126,0.15967057227907705,0.1522589170270879,-0.17063338226924965,-0.14828029746888083
14,0.9388934643970811,0.9426346842569684,0.115357006791842,0.12502214404121273,8.139024152137408,7.53974179123208,-0.2464935611862559,-0.2561138097196274,-0.2128245963885389,-0.22843916275663154,0.14419487287018287,0.1323619193075695,-0.19572883632561083,-0.17264448052281145
20,0.8171759002938669,0.7104785808910578,0.13175284942588555,0.1273796129164732,6.202339485291738,5.577647510649453,-0.27543063132619916,-0.19278476643853534,-0.24092517011748515,-0.19134247515755268,-0.05155185472971906,-0.11372272574884326,-0.46040247221702074,-0.3928575725219207
