beta,CL,CD,CL/CD,CS
0,0.6638469354007037,0.06756195393837162,9.825750984144845,3.4271761336917657e-16
2,0.6622980395753499,0.06789841777269974,9.754248497991414,-0.03730094098505196
4,0.6576032050759929,0.06890046943405138,9.544248543987395,-0.07450031886371555
6,0.6495023674377362,0.07051885884153439,9.210335761349423,-0.1114672781654824
8,0.6381233565171867,0.07198814492682439,8.864283934053809,-0.14765900302942653
12,0.6109687465384741,0.07641367815736293,7.995541652638056,-0.22427938612947962
14,0.5992979056200727,0.0809605937971809,7.4023407871909725,-0.2761517000874379
20,0.5329488101411867,0.09203222330523626,5.790893569675004,-0.3717057895884356
