beta,CL,CL_stall,CD,CD_stall,CL/CD,CL/CD_stall,CS,CS_stall
0,0.7146508934181781,0.7146508934181802,0.07324418633601276,0.07324418633601283,9.75710058597235,9.757100585972369,0.00046070443365282755,0.00046070443365304006
2,0.7125676958406889,0.7125676958406889,0.07372540029176697,0.07372540029176697,9.665158724411327,9.665158724411327,0.061341562452324534,0.061341562452324534
4,0.7061337015141804,0.7047146708565919,0.07517357951615197,0.07409353810443917,9.393376051255599,9.511148865144696,0.12188204067197782,0.13590236907654968
6,0.6958336416534525,0.69477209653958,0.07747511743115772,0.07634809094862792,8.981382213092498,9.100058533317736,0.18177293821060997,0.20166862112673123
8,0.682325122405387,0.6826773312237736,0.08062365713904605,0.0792149914348197,8.46308821278881,8.61803200200431,0.24019785485411096,0.2615421441901214
12,0.6619701744414367,0.6652207211845549,0.08826047079696155,0.08702590637140842,7.500188572121527,7.64393901679727,0.3300558215279449,0.3479631295175315
14,0.6539084409185055,0.6596820254073625,0.0928463114183345,0.09257075200999386,7.042912431622752,7.1262468013238545,0.3632679339995697,0.373439785304944
20,0.6256647898146416,0.6358130217142732,0.10652193543209713,0.11097500552260588,5.873576998734446,5.7293353464601235,0.39210418176137307,0.4070939140129255
