beta,CL,CD,CL/CD,CS,CMx,CMy,CMz
0,0.9989858127439661,0.10399641902162743,9.605963572036204,2.870592366923125e-16,1.182676858191415e-16,0.39182046802884035,1.0764786796480012e-16
2,0.9971904510317191,0.10429751687867331,9.561018141896186,-0.034586965278542055,-0.03185046137360111,0.3910244354071054,-0.008960004083161608
4,0.992084877046314,0.10518944141886787,9.431411210710769,-0.06904132973847539,-0.06367197934871117,0.3887656759830892,-0.01785424549130186
6,0.9836822862555331,0.1065937207447035,9.228332395033794,-0.10312063036521431,-0.0956218288937983,0.3850789517428819,-0.02670390183347079
8,0.9713752008248823,0.10854156870639783,8.94933814207557,-0.1369453851462248,-0.12771003521267324,0.37966661771525034,-0.035290295319554535
12,0.935015639443352,0.11233263253910236,8.32363328721846,-0.20175031097542034,-0.19420272726199597,0.36441211555145026,-0.050081634990399714
14,0.9137022475748154,0.11448466830660667,7.981000959253228,-0.2365752917243127,-0.22205787313831296,0.3545967053604678,-0.05276844038681491
20,0.8353720995984785,0.12034440656068125,6.941511645389674,-0.2997385851758367,-0.2985787102579118,0.31704750477848376,-0.06844389604356259
