beta,CL,CD,CL/CD,CS
0,0.6638469354007037,0.06756195393837162,9.825750984144845,3.4271761336917657e-16
2,0.6622980395756116,0.0678984177727008,9.754248497995116,-0.03730094098392476
4,0.6576032051358677,0.06890046943425274,9.544248544828507,-0.07450031886449189
6,0.6494686381690254,0.0704691196901843,9.21635804483436,-0.1111917505151214
8,0.6381079541287341,0.07193765291054266,8.870291541513689,-0.14740884877617796
12,0.6154472755942579,0.07804991253300551,7.88530384750911,-0.23237537170536318
14,0.602824929229695,0.08184439856290379,7.365500141911082,-0.2821744686937419
20,0.5367337564293294,0.09690213143685177,5.538926218347456,-0.33140766099903574
