beta,CL,CL_stall,CD,CD_stall,CL/CD,CL/CD_stall,CS,CS_stall
0,0.715187519860115,0.7151875198601152,0.07321822469324483,0.07321822469324475,9.767889386234991,9.767889386235005,2.964491383693061e-16,1.7545860147460435e-16
2,0.7130642468899507,0.7130642468899507,0.0737274771470744,0.0737274771470744,9.671621415547733,9.671621415547733,0.0608885976342321,0.0608885976342321
4,0.7067723481942144,0.7053701186047716,0.07518737880900452,0.07409548007109068,9.400146133430185,9.519745575951548,0.12145747595360959,0.13538371003453437
6,0.6965590658103965,0.6951883689747854,0.0774956955179204,0.07643088263493841,8.9883581424122,9.095647531577738,0.18138533756456487,0.20181699316434493
8,0.6826346482390627,0.6813779160391218,0.08069982459126611,0.079693053641665,8.458935960474717,8.550028953626201,0.24031124217899924,0.26662630296591994
12,0.6436699787770525,0.6433613527458277,0.08974320595712318,0.08924808133142698,7.172353293068003,7.208685533044401,0.35335035981094315,0.3876487756409411
14,0.618510164930408,0.6198682184228885,0.0953086527652753,0.09591332399385377,6.489548923261621,6.46279570565827,0.4060738911311052,0.43911865814479617
20,0.51546482057451,0.5257951345339891,0.11224619542081266,0.12118098420332835,4.592269863954184,4.338924444216122,0.49159235169724347,0.5429698069912082
