beta,CL,CD,CL/CD,CS,CMx,CMy,CMz
0,1.0025697150879116,0.10386002856836829,9.653085300548966,-3.399224229677172e-17,3.189316727049825e-17,0.20233489476714908,1.8341942551283905e-16
2,1.0008810415490854,0.10416368992976857,9.608732584491971,-0.03473736505591384,-0.029777029198946273,0.2012637157628965,-0.020841464998449362
4,0.9958225957951237,0.10500759927424957,9.483338374343004,-0.0690097683598179,-0.05834872939965618,0.19803273008738875,-0.042040098322852756
6,0.9873826096520681,0.10630827579886704,9.287918576726565,-0.103023009221182,-0.08634173013671922,0.19265010621865739,-0.06336053540394668
8,0.975343108053771,0.10826498058492161,9.008851271983787,-0.13481991477117575,-0.11190270919958212,0.185096240464448,-0.08591406799124653
12,0.9423604008450231,0.11308764319357875,8.333009462686649,-0.19820057940075597,-0.1623476903840715,0.16227913397024846,-0.13009407593834407
14,0.894336476495594,0.11372843150459812,7.863789772388054,-0.2181533192085768,-0.17503501740498886,0.10727714199349099,-0.17043211144846443
20,0.6244446472136863,0.11135445456816033,5.607720406294678,-0.13435263129974442,-0.11131650635113532,-0.1978979245290695,-0.3698673962683894
