beta,CL,CL_stall,CD,CD_stall,CL/CD,CL/CD_stall,CS,CS_stall
0,1.055987227659637,1.0559872276596465,0.10885917479188316,0.1088591747918833,9.700489000384874,9.70048900038495,6.098637394766147e-16,3.375234165771015e-16
2,1.053696637776108,1.053696637776108,0.10937737648559376,0.10937737648559376,9.633588513753498,9.633588513753498,0.057289462037468944,0.057289462037468944
4,1.0469023129611115,1.0469023129611115,0.11086835215729678,0.11086835215729678,9.442751629209724,9.442751629209724,0.11414412513203338,0.11414412513203338
6,1.0351635599170828,1.0358442108266603,0.11317025342133841,0.11210698774988793,9.146958044382194,9.23978274340616,0.17009916991792154,0.1886358632713612
8,1.0190638980634477,1.0200073222128,0.11605145534766963,0.11543342035995074,8.781138461473944,8.836325901391104,0.224828457971513,0.2478350431452765
12,0.9734591192193425,0.9800467819185236,0.12316923698772211,0.1291774035590101,7.903427373804222,7.58682830678528,0.32702551323724394,0.3265152226136907
14,0.9435621713876216,0.9553024024943891,0.1278984497820309,0.13519529805731334,7.377432431711829,7.066091914597561,0.3497539633427712,0.34953711027321455
20,0.8312375653240359,0.7461832549544746,0.14294155021657556,0.15305062335078215,5.815227021566506,4.875401606462397,0.3622144436335059,0.20723479116838608
