beta,CL,CL_stall,CD,CD_stall,CL/CD,CL/CD_stall,CS,CS_stall
0,0.6574799816389101,0.657479981638921,0.06862690726487676,0.06862690726487682,9.580498493123967,9.580498493124118,1.9935723065811192e-16,-1.2220431584675e-16
2,0.655897295913672,0.6558972959136723,0.06895318261351713,0.06895318261351713,9.512212069890653,9.512212069890658,-0.0382739653795724,-0.03827396537957263
4,0.651094818420963,0.6529265774412935,0.06990394458218785,0.0700956723704953,9.314135594386297,9.314791560742965,-0.0764834906177406,-0.08727642174449335
6,0.6429007107248206,0.6445541638913976,0.0713961562713889,0.07160536488163814,9.004696391232127,9.001478659550571,-0.11446439549264457,-0.13049835175051988
8,0.6315173670359964,0.6328869474460964,0.07315510973311998,0.07343255712746098,8.632580408119948,8.618615123909676,-0.15192487117740844,-0.17303769353907983
12,0.6001684978544024,0.6012051930883423,0.07783446273616537,0.07828496631919102,7.710832409658778,7.679701753169957,-0.22421605374787273,-0.2546162473886896
14,,0.582002289080257,,0.08152340081483488,,7.139082561118446,,-0.2928663290103161
20,,,,,,,,
