beta,CL,CD,CL/CD,CS
0,1.0019968990952703,0.10387873554288242,9.645832651492313,3.645746388010759e-16
2,1.0003801476979792,0.10418211861971528,9.602225035848605,-0.03471164609876989
4,0.9952936710059798,0.10507887945437122,9.47187176123409,-0.06927759336082373
6,0.9866379656465096,0.10650809291348255,9.263502318532398,-0.10346330634679361
8,0.9755194093083558,0.10822155176100685,9.014095560768366,-0.13551764087366758
12,0.9440922377759501,0.1118505310963805,8.44065940967625,-0.19467801472212246
14,0.9251448849196146,0.11349601199518145,8.151342665316665,-0.22065653874829844
20,0.8345709979704977,0.11709134281140307,7.127520941618427,-0.25886618143125617
