beta,CL,CD,CL/CD,CS,CMx,CMy,CMz
0,0.6616469398763273,0.06787817761033774,9.747564875335716,-1.4033219322838932e-16,-6.280863702424762e-17,0.2811988405878976,3.7236789905143045e-17
2,0.6600488967107021,0.06821576640141146,9.675899451553255,-0.03720031019966764,-0.03530507313740683,0.280662093750241,-0.0016113226202632974
4,0.6552384304541996,0.0692278034115259,9.464960581792884,-0.07439595209904025,-0.07085852949312252,0.2790221565722833,-0.0031302045302210968
6,0.6469105195930119,0.07085700821871943,9.12980290666728,-0.1115583188975404,-0.10723928248878416,0.27620784070932475,-0.004432194337276315
8,0.6349182524504636,0.07241144353797015,8.76820322077316,-0.1482609774812283,-0.1441626501838609,0.272482016603356,-0.0044660772849661416
12,0.6039002985840862,0.07628134180281183,7.916749814721084,-0.21608343086427018,-0.21524654226830042,0.26233240202685376,-0.003593100052365649
14,0.5867782946767331,0.07881165392575581,7.445323952083345,-0.24640589673172958,-0.24743898459188898,0.2562975854310095,-0.0038892869905964435
20,0.5363278599229683,0.08791796024858775,6.100321918371433,-0.309471375304075,-0.32422936771912264,0.2349723752400448,-0.013524357482106517
