beta,CL,CL_stall,CD,CD_stall,CL/CD,CL/CD_stall,CS,CS_stall
0,1.055829798098586,1.0558297980985953,0.1088542377144957,0.10885423771449579,9.699482723564975,9.699482723565053,0.00042640532575827797,0.00042640532575862643
2,1.0534792911248965,1.0534792911248965,0.10934835430824291,0.10934835430824291,9.634157713569568,9.634157713569568,0.057672591114538645,0.057672591114538645
4,1.046659416729114,1.046659416729114,0.11081267408134512,0.11081267408134512,9.445304207357946,9.445304207357946,0.11455030358042914,0.11455030358042914
6,1.035198765944607,1.0357861483708002,0.11310073499991113,0.11202031479295528,9.152891587710904,9.24641347674501,0.17063932222705544,0.18931724557199917
8,1.018879132818109,1.0201391521443437,0.11595195064935494,0.11520561111030023,8.787080571841827,8.854943281952139,0.22534143177755023,0.2477908002045854
12,0.9755356113697934,0.9805303333539702,0.1227269098229681,0.12359742224408327,7.948832189916541,7.933258765037952,0.32479584272973633,0.33695503333655163
14,0.9502186288750328,0.9577458650579775,0.1261722913505775,0.12904998176296872,7.531119699132606,7.421511045364638,0.3472881694515913,0.3623170673332795
20,0.8364003106728392,0.8138651883282964,0.13640765211694486,0.13979110308861956,6.13162309952947,5.822009915841013,0.34255913248774783,0.28247421918499843
