beta,CL,CL_stall,CD,CD_stall,CL/CD,CL/CD_stall,CS,CS_stall
0,1.0526927669905155,1.0526927669905237,0.10899511333139819,0.10899511333139826,9.65816480037795,9.65816480037802,2.455527501552987e-16,-1.1340072461717433e-16
2,1.0503842682605464,1.0503842682605464,0.10950457356105188,0.10950457356105188,9.59214975322403,9.59214975322403,-0.057051506895509,-0.057051506895509
4,1.0436058395568686,1.0436058395568686,0.11098604990445474,0.11098604990445474,9.403036151437808,9.403036151437808,-0.11375171466217567,-0.11375171466217567
6,1.031824732064925,1.0325012845805028,0.11327630816781628,0.11226485474628056,9.108919144295381,9.197012608389008,-0.16957361589100833,-0.18819937238520595
8,1.015553650066468,1.016370687861771,0.11614718165440752,0.11565726788871995,8.743678801335168,8.787780538268255,-0.22424369939715072,-0.247661929053574
12,0.9686006526773097,0.9722737502803052,0.12332084128287142,0.12505102471609933,7.854314344609024,7.775016258264476,-0.32737970485773965,-0.3484031952570818
14,0.9364200787112559,0.9447441033430013,0.1274100264581633,0.12974132884138628,7.349657674066502,7.281751403193866,-0.3639538576763869,-0.3827930392328507
20,0.8080731429365096,0.792959668585215,0.1350654934764243,0.13632473010569363,5.982824496010588,5.816697146368287,-0.398103203406155,-0.3722271866310929
