beta,CL,CL_stall,CD,CD_stall,CL/CD,CL/CD_stall,CS,CS_stall,CMx,CMx_stall,CMy,CMy_stall,CMz,CMz_stall
0,0.6868814395708746,0.6868814395708774,0.06864119707719615,0.06864119707719614,10.006839461123981,10.006839461124025,-7.009414868069437e-17,1.19651158257491e-16,-1.4365129838382768e-17,3.204528963946925e-17,0.28939716020105105,0.2893971602010521,2.1823947254466126e-17,-4.6548545726298e-17
2,0.6850766503603709,0.6850766503603709,0.06898735248614514,0.06898735248614514,9.93046733454449,9.93046733454449,-0.04252529447363589,-0.04252529447363589,-0.041402693449249454,-0.041402693449249454,0.2888515822123605,0.2888515822123605,-0.0023045262645181026,-0.0023045262645181026
4,0.6797536298035809,0.6768277820282463,0.0699714845271684,0.06872079303830131,9.714723567707747,9.848951854368424,-0.08488402207515625,-0.09557750506256148,-0.08277920307654685,-0.08609652420778587,0.2872085177865866,0.2866814969318184,-0.004323995839248365,-0.004318748975882945
6,0.6709008630219669,0.667758938011672,0.07148770011848608,0.07033544021290987,9.384843293461584,9.493918513772332,-0.12699788981065174,-0.14290310881088147,-0.1240055846692578,-0.12919866766201063,0.2844772029267813,0.28405787796798415,-0.0058068993280163145,-0.005562072090319851
8,0.6584102497492874,0.6554087970458012,0.07354882003571717,0.07249850933227212,8.952016489585377,9.040307215724384,-0.16880221023413278,-0.1894442563223666,-0.16485916980563795,-0.17212014778528953,0.28059060580258555,0.28034745103231257,-0.006570797249990542,-0.005737796976468933
12,0.6237397804884468,0.623791827089921,0.07919606603213723,0.07835884856332351,7.875893484852359,7.960706908369398,-0.24912623917654475,-0.26979081051677556,-0.24379271009643325,-0.25199757595035516,0.2693993539236925,0.26968156689587963,-0.006439835838069671,-0.004322105200309177
14,0.6044544559902685,0.6070014399852781,0.08236367882589232,0.0824912169765708,7.338847227404911,7.358376591264,-0.2835615193495412,-0.2978611527635531,-0.2787307554336244,-0.2864963779409207,0.2627803876983194,0.26247593202588254,-0.006869265109689527,-0.003027616866558444
20,0.5417314195335593,0.5624592214487169,0.09100445028395343,0.0946739918033799,5.952801405241622,5.941010944345085,-0.32920310725770746,-0.3524286174556729,-0.349415218003639,-0.36394575403826707,0.23568328836686359,0.23966965197546472,-0.013715058699054535,-0.010762602104253437
