beta,CL,CD,CL/CD,CS
0,1.0025697150879116,0.10386002856836829,9.653085300548966,-3.399224229677172e-17
2,1.0008810415490854,0.10416368992976857,9.608732584491971,-0.03473736505591384
4,0.9958225957951237,0.10500759927424957,9.483338374343004,-0.0690097683598179
6,0.9873826096520681,0.10630827579886704,9.287918576726565,-0.103023009221182
8,0.975343108053771,0.10826498058492161,9.008851271983787,-0.13481991477117575
12,0.9423604008450231,0.11308764319357875,8.333009462686649,-0.19820057940075597
14,0.894336476495594,0.11372843150459812,7.863789772388054,-0.2181533192085768
20,0.6244446472136863,0.11135445456816033,5.607720406294678,-0.13435263129974442
