beta,CL,CD,CL/CD,CS,CMx,CMy,CMz
0,0.6638469354006905,0.0675619539383716,9.825750984144655,6.026703207048977e-18,-2.6852968003120355e-16,0.24176854354943295,-2.1239635708682767e-18
2,0.6622980395753499,0.06789841777269974,9.754248497991414,-0.03730094098505196,-0.03405380190860922,0.24084611053696295,-0.008686011474798232
4,0.6576032050759929,0.06890046943405138,9.544248543987395,-0.07450031886371555,-0.06827079060941171,0.2380743645063431,-0.017259727610432627
6,0.6495023674377362,0.07051885884153439,9.210335761349423,-0.1114672781654824,-0.10307110061214328,0.23343661479621206,-0.025626793492167867
8,0.6381233565171867,0.07198814492682439,8.864283934053809,-0.14765900302942653,-0.13697666689334762,0.22716781130468672,-0.03328874895516925
12,0.6068098144115427,0.07558171335398071,8.028526841798346,-0.2167044960790339,-0.20158483872927227,0.20946579199856322,-0.0479175176812325
14,0.5872682762565195,0.07782396551779859,7.546110922890575,-0.2486509561182502,-0.23102801318862795,0.19792208727107047,-0.055385540335212424
20,,,,,,,
