beta,CL,CD,CL/CD,CS
0,0.9989858127438732,0.10399641902162733,9.60596357203532,-4.88531106799452e-16
2,0.9971904510317191,0.10429751687867331,9.561018141896186,-0.034586965278542055
4,0.992084877046314,0.10518944141886787,9.431411210710769,-0.06904132973847539
6,0.9836822862555331,0.1065937207447035,9.228332395033794,-0.10312063036521431
8,0.9713752008248823,0.10854156870639783,8.94933814207557,-0.1369453851462248
12,0.935015639443352,0.11233263253910236,8.32363328721846,-0.20175031097542034
14,0.9119834815677432,0.11392214356144549,8.00532234609729,-0.23117192780825446
20,0.8159041776708377,0.11811932057302273,6.907457422822174,-0.283251715504081
