beta,CL,CD,CL/CD,CS
0,1.0025697150878206,0.10386002856836825,9.653085300548094,7.154732972476945e-16
2,1.0008810415489173,0.10416368992976878,9.608732584490337,-0.03473736505591053
4,0.9958324889261815,0.10495462567163397,9.488219147594222,-0.06894412614982304
6,0.9873826096522683,0.10630827579886645,9.287918576728497,-0.10302300922119323
8,0.9753763848468078,0.10801622043643157,9.029906627966351,-0.13577318873890568
12,0.8673831123817433,0.12497115058106684,6.94066677268115,-0.12880189342841666
14,,,,
20,-3121.909918591765,6236.502993728894,-0.5005866142822343,2263.8360936656463
