beta,CL,CD,CL/CD,CS
0,0.6616469398763397,0.0678781776103377,9.747564875335904,-2.044170463350187e-16
2,0.6600488967107021,0.06821576640141146,9.675899451553255,-0.03720031019966764
4,0.6552384304541996,0.0692278034115259,9.464960581792884,-0.07439595209904025
6,0.6469105195930119,0.07085700821871943,9.12980290666728,-0.1115583188975404
8,0.6349182524504636,0.07241144353797015,8.76820322077316,-0.1482609774812283
12,0.6063107187126988,0.07674328979135414,7.900504661203688,-0.22210923120417
14,0.5912969918053564,0.07967169436338153,7.421669597090013,-0.2568953060034744
20,0.5461116035394188,0.09005246001607185,6.0643718499411685,-0.32836037903160703
