beta,CL,CL_stall,CD,CD_stall,CL/CD,CL/CD_stall,CS,CS_stall,CMx,CMx_stall,CMy,CMy_stall,CMz,CMz_stall
0,0.715187519860115,0.7151875198601152,0.07321822469324483,0.07321822469324475,9.767889386234991,9.767889386235005,2.964491383693061e-16,1.7545860147460435e-16,2.2871807479726605e-16,1.8894101831078499e-16,0.22202443169674982,0.2220244316967498,-9.115575444818574e-18,-2.7761070672856566e-17
2,0.7130642468899507,0.7130642468899507,0.07372747714707446,0.07372747714707446,9.671621415547722,9.671621415547722,-0.060888597634231836,-0.060888597634231836,-0.05444168405616244,-0.05444168405616244,0.22107367878606216,0.22107367878606216,-0.014313075341838332,-0.014313075341838332
4,0.7067723481942136,0.7053701186047727,0.07518737880900446,0.07409548007109064,9.400146133430182,9.51974557595157,-0.12145747595360931,-0.13538371003453442,-0.10867996534813375,-0.11447552271508801,0.2182692284305166,0.21868400684379438,-0.028181796945724005,-0.029914769249508325
6,0.696559065810396,0.6951883689747825,0.07749569551792036,0.07643088263493816,8.988358142412197,9.09564753157773,-0.1813853375645644,-0.2018169931643446,-0.16226275697747547,-0.17090923945670403,0.2136913237665737,0.21383375241922878,-0.04126810543487736,-0.04366008920018024
8,0.682634648239062,0.6813779160391198,0.08069982459126603,0.07969305364166483,8.458935960474715,8.550028953626194,-0.2403112421789987,-0.2666263029659191,-0.21469960983815223,-0.2261012589954694,0.20729187349403955,0.20694596635385076,-0.05358874401247403,-0.05637130781799931
12,0.6436699787770522,0.643361352745827,0.08974320595712312,0.08924808133142684,7.172353293068005,7.208685533044403,-0.3533503598109428,-0.3876487756409401,-0.3149808172181032,-0.3312333316987321,0.1886844804250041,0.18586377300160187,-0.07619580006139402,-0.07830047376001882
14,0.6185101649304079,0.6198682184228873,0.09530865276527536,0.09591332399385379,6.489548923261615,6.462795705658257,-0.40607389113110587,-0.43911865814479467,-0.3618558954791975,-0.3794678634256093,0.1763265569612767,0.1700789031980352,-0.0865256642586727,-0.08637238779326326
20,0.5154648205745106,0.5257951345339897,0.11224619542081278,0.1211809842033284,4.592269863954184,4.338924444216126,-0.49159235169724375,-0.5429698069912081,-0.4252059541188655,-0.49416569527848275,0.11557620382790085,0.09148851700485838,-0.18396229980395581,-0.11026794911391988
