beta,CL,CD,CL/CD,CS,CMx,CMy,CMz
0,0.6638469354007037,0.06756195393837162,9.825750984144845,3.4271761336917657e-16,-8.31380026311297e-17,0.24176854354943414,-1.9006102588523668e-17
2,0.6622980395756116,0.0678984177727008,9.754248497995116,-0.03730094098392476,-0.034053801907560306,0.2408461105370121,-0.008686011474749164
4,0.6576032051358677,0.06890046943425274,9.544248544828507,-0.07450031886449189,-0.06827079060952283,0.2380743645111216,-0.017259727613700985
6,0.6494686381690254,0.0704691196901843,9.21635804483436,-0.1111917505151214,-0.10221680094750851,0.23339065519000685,-0.025927906897954756
8,0.6381079541287341,0.07193765291054266,8.870291541513689,-0.14740884877617796,-0.13612583982500528,0.22712340553350646,-0.03357955288798603
12,0.6154472755942579,0.07804991253300551,7.88530384750911,-0.23237537170536318,-0.2052539017363342,0.20543097549668557,-0.0438691994906217
14,0.602824929229695,0.08184439856290379,7.365500141911082,-0.2821744686937419,-0.25072477408418276,0.18881228878429646,-0.047144164566431015
20,0.5367337564293294,0.09690213143685177,5.538926218347456,-0.33140766099903574,-0.31610142534703817,0.1252657905526999,-0.07696145866639015
