beta,CL,CL_stall,CD,CD_stall,CL/CD,CL/CD_stall,CS,CS_stall
0,0.712549624287717,0.712549624287718,0.0735448374325516,0.0735448374325516,9.688642318928238,9.688642318928252,4.772652543927533e-16,3.5270304113215635e-16
2,0.7104452633624184,0.7104452633624184,0.07404899315882643,0.07404899315882643,9.594259598352625,9.594259598352625,-0.06072282031597713,-0.06072282031597713
4,0.7041520593433818,0.7027734207201114,0.0754961977059546,0.07443699821572283,9.326987063453704,9.44118432454023,-0.121288224672952,-0.1353358493506459
6,0.6933657991586573,0.691923214337011,0.07781929415435833,0.07681998772153394,8.909947162760597,9.007072701510642,-0.18145173918622967,-0.2023773566548345
8,0.6784518699787665,0.6770062590068325,0.08105224206349257,0.08011327731163768,8.370550310592257,8.450612454328928,-0.24125930349085564,-0.2681507939682319
12,0.6393402840524862,0.6417736605980315,0.08987355900982726,0.08883657154778771,7.113775075743661,7.224205633068621,-0.3526377620082397,-0.3764637197115138
14,0.6210474585774642,0.6253408252685696,0.09464399275442531,0.09470931236969506,6.5619321470186565,6.602738522982511,-0.3952630568208922,-0.4134005707694757
20,0.5626921146316709,0.5813094117076603,0.10834510996695208,0.11172400333392331,5.193516484530828,5.203084336051127,-0.4491271878899397,-0.4731850905902136
