beta,CL,CL_stall,CD,CD_stall,CL/CD,CL/CD_stall,CS,CS_stall
0,1.0558297980985136,1.0558297980985212,0.10885423771449573,0.1088542377144956,9.699482723564307,9.699482723564389,0.00042640532575857813,0.0004264053257585326
2,1.0534792911248982,1.0534792911248982,0.109348354308243,0.109348354308243,9.634157713569577,9.634157713569577,0.057672591114539075,0.057672591114539075
4,1.0466594167291166,1.0466594167291166,0.11081267408134522,0.11081267408134522,9.445304207357962,9.445304207357962,0.1145503035804281,0.1145503035804281
6,1.0351987659446096,1.035786148370802,0.11310073499991133,0.11202031479295552,9.152891587710913,9.246413476745007,0.17063932222705527,0.18931724557199933
8,1.0188791328887967,1.0201391522189784,0.11595195064655063,0.11520561110839403,8.787080572663973,8.854943282746493,0.2253414317034361,0.24779080011940482
12,0.9755356113697956,0.980530333353972,0.12272690982296837,0.12359742224408347,7.9488321899165415,7.9332587650379525,0.3247958427297368,0.33695503333655236
14,0.9502186288750338,0.9577458650579779,0.1261722913505776,0.1290499817629688,7.53111969913261,7.421511045364636,0.34728816945159147,0.3623170673332782
20,0.8364003106728397,0.8138651883282947,0.1364076521169449,0.13979110308861925,6.131623099529473,5.822009915841014,0.3425591324877481,0.2824742191849979
