beta,CL,CL_stall,CD,CD_stall,CL/CD,CL/CD_stall,CS,CS_stall,CMx,CMx_stall,CMy,CMy_stall,CMz,CMz_stall
0,1.0568258931235985,1.0568258931236072,0.1088604592586168,0.10886045925861682,9.708078583546357,9.708078583546436,8.036271823264322e-17,3.3305882111973244e-16,2.955656280592689e-16,7.204066896996012e-16,0.16932019677080726,0.16932019677080506,3.811967913287767e-17,1.3562871343654302e-16
2,1.0545259119637511,1.0545259119637511,0.10937250145734916,0.10937250145734916,9.641600017486786,9.641600017486786,0.05729372607401044,0.05729372607401044,0.05195463846391983,0.05195463846391983,0.16819580445165025,0.16819580445165025,0.03223073338105991,0.03223073338105991
4,1.047602852262109,1.047602852262109,0.110861687077048,0.110861687077048,9.44963837266912,9.44963837266912,0.1141754656915574,0.1141754656915574,0.1037375928915965,0.1037375928915965,0.16482120234799558,0.16482120234799558,0.0643279176292399,0.0643279176292399
6,1.0360242227920313,1.0367377646877933,0.11317031910438669,0.11209592506608165,9.154557758526927,9.24866594460616,0.1702191909138202,0.18869319105978963,0.15511471365126173,0.1626482154507435,0.1592146936882411,0.15914880574637402,0.09606435647318645,0.10107294454090572
8,1.0198719906178586,1.0208743237650515,0.11604984262364922,0.11545187090960841,8.788223814532119,8.842423390127061,0.22495948682648745,0.24798824974712666,0.20557114043768077,0.21518197414631748,0.15144184259823024,0.15015577033085592,0.12710156216676805,0.1331404452641095
12,0.9741843800283391,0.9772088648979703,0.1231992141153212,0.12777774300331035,7.907391187710412,7.647723632688156,0.3275914507687621,0.341967678395115,0.29996386877516723,0.3052989627872699,0.12902350443558902,0.11811940851712724,0.187248536036743,0.18830246396662065
14,0.9436008963512579,0.9464046706035587,0.12799408300241916,0.13714027870124784,7.372222795122672,6.900997136408382,0.35324011772515196,0.36737265474421,0.3198368769478629,0.33595241600495285,0.1126295337337461,0.0932763227460149,0.24383556408979773,0.2151330898112331
20,0.8069508851924162,0.68867520371657,0.1502032361693145,0.13987159225600465,5.372393470156609,4.9236245373978385,0.4026406169384267,0.29921677202533115,0.3738436901549292,0.3004559210637133,-0.10107977481689578,-0.156729907885345,0.6019002515698482,0.4676896181084145
