beta,CL,CD,CL/CD,CS,CMx,CMy,CMz
0,0.6638469354007037,0.06756195393837162,9.825750984144845,3.4271761336917657e-16,-8.31380026311297e-17,0.24176854354943414,-1.9006102588523668e-17
2,0.6622980395753499,0.06789841777269974,9.754248497991414,-0.03730094098505196,-0.03405380190860922,0.24084611053696295,-0.008686011474798232
4,0.6576032050759929,0.06890046943405138,9.544248543987395,-0.07450031886371555,-0.06827079060941171,0.2380743645063431,-0.017259727610432627
6,0.6495023674377362,0.07051885884153439,9.210335761349423,-0.1114672781654824,-0.10307110061214328,0.23343661479621206,-0.025626793492167867
8,0.6381233565171867,0.07198814492682439,8.864283934053809,-0.14765900302942653,-0.13697666689334762,0.22716781130468672,-0.03328874895516925
12,0.6109687465384741,0.07641367815736293,7.995541652638056,-0.22427938612947962,-0.20442086872777945,0.20820142542005785,-0.046332580208431326
14,0.5992979056200727,0.0809605937971809,7.4023407871909725,-0.2761517000874379,-0.24486516053572432,0.1907548028738297,-0.048431767140405625
20,0.5329488101411867,0.09203222330523626,5.790893569675004,-0.3717057895884356,-0.33348469230161826,0.13246325344495585,-0.06432360424536814
