beta,CL,CL_stall,CD,CD_stall,CL/CD,CL/CD_stall,CS,CS_stall
0,0.6892442569155462,0.689244256915549,0.06834114986119215,0.06834114986119222,10.085347675821547,10.085347675821577,-1.1027550779701598e-16,-1.919776046668699e-16
2,0.6874707561789609,0.6874707561789609,0.06868648879256097,0.06868648879256097,10.008820777768697,10.008820777768697,-0.04264418976321259,-0.04264418976321259
4,0.6821885309187953,0.6791988000500564,0.06967416183851759,0.0683918117973293,9.791126479567705,9.930995863405085,-0.08507670472779424,-0.0957091283419807
6,0.6735366058450311,0.6705375762400659,0.07119833674744672,0.06997461994672284,9.46000477840074,9.582582609960564,-0.12708853471099016,-0.14270391020437526
8,0.6617052468639234,0.6587651547320192,0.07323719206425731,0.072118014351641,9.035098536865698,9.134543714971674,-0.1684517030862443,-0.18858323928820553
12,0.6286731282152943,0.626650419040377,0.07889736639489638,0.07845408769042965,7.968239713714464,7.98747952449672,-0.24806717124826821,-0.2740313419850968
14,0.6073989192630308,0.6078737535767107,0.08236413585560344,0.08477260874511078,7.37455584221622,7.170638754369695,-0.2854397446972933,-0.3032400481976134
20,0.5181600779149609,0.5308760982382242,0.09152078688838826,0.10109896664485252,5.66166545909258,5.251053654219065,-0.34424248249385075,-0.3865170719816223
