beta,CL,CD,CL/CD,CS,CMx,CMy,CMz
0,0.6616469398763397,0.0678781776103377,9.747564875335904,-2.044170463350187e-16,-3.8597138001722965e-16,0.28119884058790234,1.0139397522835464e-17
2,0.6600488967107021,0.06821576640141146,9.675899451553255,-0.03720031019966764,-0.03530507313740683,0.280662093750241,-0.0016113226202632974
4,0.6552384304541996,0.0692278034115259,9.464960581792884,-0.07439595209904025,-0.07085852949312252,0.2790221565722833,-0.0031302045302210968
6,0.6469105195930119,0.07085700821871943,9.12980290666728,-0.1115583188975404,-0.10723928248878416,0.27620784070932475,-0.004432194337276315
8,0.6349182524504636,0.07241144353797015,8.76820322077316,-0.1482609774812283,-0.1441626501838609,0.272482016603356,-0.0044660772849661416
12,0.6063107187126988,0.07674328979135414,7.900504661203688,-0.22210923120417,-0.21680164069641675,0.2631340324262671,-0.001641609922015027
14,0.5912969918053564,0.07967169436338153,7.421669597090013,-0.2568953060034744,-0.24648509459576468,0.25750644075992823,-0.00032527611413299043
20,0.5461116035394188,0.09005246001607185,6.0643718499411685,-0.32836037903160703,-0.3264322491233575,0.23612309614704985,-0.008927759429287923
