beta,CL,CD,CL/CD,CS,CMx,CMy,CMz
0,1.0025697150879116,0.10386002856836829,9.653085300548966,-3.399224229677172e-17,3.189316727049825e-17,0.20233489476714908,1.8341942551283905e-16
2,1.0008810415488647,0.10416368992976813,9.608732584489893,-0.03473736505609164,-0.029777029199108927,0.2012637157629329,-0.0208414649984972
4,0.9957992270406457,0.10506026309785092,9.478362205443739,-0.06934014196535059,-0.059520724688479035,0.1980479024490741,-0.04160090119213352
6,0.9873437318148122,0.10635849123112291,9.283167901181104,-0.10332203497546465,-0.08748310655710824,0.1926648458083654,-0.06294816986907201
8,0.9753150845286407,0.10818496780953131,9.015255116087518,-0.13703346765003335,-0.11579254514708087,0.18508061871196685,-0.08397978464639116
12,0.9399857463448184,0.11157444542055991,8.424740475309648,-0.20089854410855562,-0.17013036289245984,0.1636164829356293,-0.12644984493421768
14,0.9209641664670054,0.11469081082144321,8.029973455334723,-0.23090438908973057,-0.19285081780437346,0.1472817204252517,-0.1495847954439986
20,0.8376463283693637,0.12545331944566335,6.6769562740200525,-0.32418331038602793,-0.2733447317704504,0.04862136534884484,-0.21454150593935126
